,epoch,dice_coef,iou,loss,val_dice_coef,val_iou,val_loss,training time
0,0,0.2913171052932739,0.1704922169446945,0.7086828947067261,0.3217367529869079,0.1917081624269485,0.678263247013092,25.372387118000006
1,1,0.4054611325263977,0.2542811334133148,0.5945388674736023,0.3218109011650085,0.1917608082294464,0.6781890988349915,0.6190641610000966
2,2,0.4737090766429901,0.310366153717041,0.5262908935546875,0.3215009868144989,0.191540777683258,0.6784989833831787,0.5726579629999833
3,3,0.526198148727417,0.3570345342159271,0.473801851272583,0.3212229311466217,0.1913434267044067,0.6787770390510559,0.5771846260001894
4,4,0.5727344751358032,0.4012809693813324,0.4272655248641968,0.321078211069107,0.1912407279014587,0.6789218783378601,0.5879919159999645
5,5,0.6131240725517273,0.4420900344848633,0.3868759274482727,0.3211428821086883,0.1912866234779358,0.6788570880889893,0.5735954849999416
6,6,0.649977445602417,0.4814566969871521,0.350022554397583,0.3209171891212463,0.1911264806985855,0.6790828108787537,0.5728479439999319
