,epoch,dice_coef,iou,loss,val_dice_coef,val_iou,val_loss,training_time
0,0,0.3038418292999267,0.1791353076696396,0.6961581707000732,0.3210912346839905,0.1912499517202377,0.6789087653160095,48.30717784600006
1,1,0.4624166488647461,0.300742506980896,0.5375833511352539,0.3212181329727173,0.1913399994373321,0.6787818074226379,0.7996601439999722
2,2,0.526611864566803,0.3574155569076538,0.473388135433197,0.3204849362373352,0.1908199191093444,0.6795150637626648,0.603076179000027
3,3,0.5812149047851562,0.4096567928791046,0.4187850952148437,0.3202242851257324,0.1906351447105407,0.6797757148742676,1.098425392999843
4,4,0.6423326134681702,0.4731148779392242,0.3576673865318298,0.3202105164527893,0.1906253844499588,0.6797894835472107,0.6092691029998605
5,5,0.6934621334075928,0.5307631492614746,0.3065378665924072,0.319979578256607,0.1904617249965667,0.6800205111503601,0.5979974550000406
6,6,0.7297930717468262,0.5745465755462646,0.2702069282531738,0.3199142515659332,0.1904154270887375,0.6800858378410339,0.6047626289998789
