,epoch,dice_coef,iou,loss,val_dice_coef,val_iou,val_loss,training time
0,0,0.3764627575874328,0.2339169383049011,0.645535409450531,0.3192551136016845,0.1899485886096954,0.6807448267936707,23.115661599000305
