epoch,dice_coef,iou,loss,val_dice_coef,val_iou,val_loss
0,0.3455904424190521,0.2099270522594452,0.6705507636070251,0.32006144523620605,0.19051972031593323,0.6799386143684387


t,r,a,i,n,i,n,g, ,t,i,m,e
