,epoch,dice_coef,iou,loss,val_dice_coef,val_iou,val_loss,training_time,test_loss,test_dice_coef,test_iou,testing_time
0,0,0.304653525352478,0.1796998679637909,0.695346474647522,0.3216672539710998,0.1916588097810745,0.6783327460289001,26.931104973999936,0.6947877407073975,0.3052122890949249,0.1800888031721115,0.3453415970002425
1,1,0.4121793806552887,0.2595881223678589,0.5878206491470337,0.3216325640678406,0.1916341781616211,0.6783674359321594,0.6183043050000379,0.6947877407073975,0.3052122890949249,0.1800888031721115,0.3453415970002425
2,2,0.4667955338954925,0.3044574558734894,0.5332044363021851,0.3214184939861297,0.1914822161197662,0.6785814762115479,0.5974965539999175,0.6947877407073975,0.3052122890949249,0.1800888031721115,0.3453415970002425
3,3,0.5034715533256531,0.336426317691803,0.4965284466743469,0.3214539885520935,0.1915073841810226,0.6785460114479065,0.5829729649999535,0.6947877407073975,0.3052122890949249,0.1800888031721115,0.3453415970002425
4,4,0.5360809564590454,0.3661957681179046,0.4639190435409546,0.3216391205787658,0.1916388422250747,0.6783608794212341,0.594669131000046,0.6947877407073975,0.3052122890949249,0.1800888031721115,0.3453415970002425
5,5,0.5713386535644531,0.3999118506908417,0.4286613464355469,0.3221072852611542,0.1919713318347931,0.6778926849365234,0.9098472119999315,0.6947877407073975,0.3052122890949249,0.1800888031721115,0.3453415970002425
6,6,0.6019026637077332,0.4305155873298645,0.3980973362922668,0.3227244019508362,0.1924098879098892,0.6772755980491638,0.5880964409998342,0.6947877407073975,0.3052122890949249,0.1800888031721115,0.3453415970002425
