,epoch,dice_coef,iou,loss,val_dice_coef,val_iou,val_loss,training time
0,0,0.2733360230922699,0.1583029627799987,0.7266639471054077,0.3220613598823547,0.1919386833906173,0.6779386401176453,23.886333466999986
1,1,0.4077933430671692,0.2561183571815491,0.5922066569328308,0.3222634196281433,0.1920822560787201,0.6777365803718567,0.6347707209999953
2,2,0.4771862924098968,0.3133583068847656,0.5228136777877808,0.3215614855289459,0.1915837228298187,0.6784384846687317,0.5653945820000104
3,3,0.5230603218078613,0.3541514575481415,0.4769396781921386,0.3209159672260284,0.191125601530075,0.679084062576294,0.572361049000051
4,4,0.562694787979126,0.3914928734302521,0.437305212020874,0.3207441568374634,0.1910037547349929,0.6792557835578918,0.5647979350000014
5,5,0.598560631275177,0.4271041750907898,0.401439368724823,0.3206209540367126,0.1909163743257522,0.6793790459632874,0.5720021220000149
6,6,0.6289613246917725,0.4587480425834656,0.3710386753082275,0.3206406831741333,0.1909303665161132,0.6793592572212219,0.5801878169999668
