,epoch,dice_coef,iou,loss,val_dice_coef,val_iou,val_loss,training time
0,0,0.7270678877830505,0.5769230127334595,0.2729322612285614,0.2156749069690704,0.1208931505680084,0.7843249440193176,153.99744214700002
