,epoch,dice_coef,iou,loss,val_dice_coef,val_iou,val_loss,training time
0,0,0.3723794817924499,0.2292955219745636,0.6386482119560242,0.3199414312839508,0.1904346793889999,0.6800585985183716,23.824688210000204
1,1,0.4784758388996124,0.3146906793117523,0.5280740857124329,0.3196285665035248,0.1902130395174026,0.6803714036941528,1.55413912899985
