,epoch,dice_coef,iou,loss,val_dice_coef,val_iou,val_loss,training time
0,0,0.3832394182682037,0.2392852157354354,0.6396914124488831,0.3180065155029297,0.1890652328729629,0.6819934844970703,22.956433378999918
1,1,0.4962232112884521,0.3299908936023712,0.5026889443397522,0.3174293637275696,0.1886573731899261,0.6825706362724304,1.5534946960001434
