,epoch,dice_coef,iou,loss,val_dice_coef,val_iou,val_loss,training time
0,0,0.2876485884189605,0.1679845601320266,0.7123514413833618,0.3214491605758667,0.1915039867162704,0.6785508990287781,23.86817652600007
1,1,0.4303493201732635,0.274168848991394,0.5696506500244141,0.3215285241603851,0.1915603280067443,0.6784713864326477,0.6172656810001627
2,2,0.4903775155544281,0.3248345553874969,0.5096224546432495,0.3217583000659942,0.1917234659194946,0.6782417297363281,0.5732461760001115
3,3,0.5313369631767273,0.3617827296257019,0.4686630368232727,0.3219044804573059,0.1918272674083709,0.6780955195426941,0.5854504650001218
4,4,0.573322057723999,0.4018580913543701,0.426677942276001,0.3223066031932831,0.192112922668457,0.6776933670043945,0.5844399280001653
5,5,0.6178554892539978,0.4470266997814178,0.3821445107460022,0.3229992389678955,0.1926053017377853,0.6770007610321045,0.578858215000082
6,6,0.659575343132019,0.4920644462108612,0.3404246568679809,0.324193924665451,0.1934555172920227,0.6758060455322266,0.5836736080000264
