,epoch,dice_coef,iou,loss,val_dice_coef,val_iou,val_loss,training_time,test_loss,test_dice_coef,test_iou,testing_time
0,0,0.2916916608810425,0.1707488298416137,0.7083083391189575,0.3215461671352386,0.191572830080986,0.6784537434577942,26.993592412999988,0.6921508312225342,0.3078491985797882,0.18192775547504425,0.3585261380001157
1,1,0.4081090092658996,0.2563674449920654,0.5918909907341003,0.3215006291866302,0.1915404945611953,0.6784994006156921,0.642471950999834,0.6921508312225342,0.3078491985797882,0.18192775547504425,0.3585261380001157
2,2,0.4644626975059509,0.3024756908416748,0.5355373024940491,0.3218198716640472,0.1917671859264373,0.6781800389289856,1.1442977449999034,0.6921508312225342,0.3078491985797882,0.18192775547504425,0.3585261380001157
3,3,0.5027933120727539,0.3358208835124969,0.4972066879272461,0.3222101330757141,0.1920443922281265,0.6777898669242859,0.7658078850001857,0.6921508312225342,0.3078491985797882,0.18192775547504425,0.3585261380001157
4,4,0.5414365530014038,0.3712122440338135,0.4585634469985962,0.3229719400405884,0.1925858855247497,0.6770280003547668,0.5924113010000838,0.6921508312225342,0.3078491985797882,0.18192775547504425,0.3585261380001157
5,5,0.5802081823348999,0.4086572527885437,0.4197918176651001,0.3240239322185516,0.193334475159645,0.675976037979126,0.7542962649999936,0.6921508312225342,0.3078491985797882,0.18192775547504425,0.3585261380001157
6,6,0.6127393245697021,0.4416900873184204,0.3872606754302978,0.3256711363792419,0.1945084780454635,0.6743288636207581,0.5976801770000293,0.6921508312225342,0.3078491985797882,0.18192775547504425,0.3585261380001157
