,epoch,dice_coef,iou,loss,val_dice_coef,val_iou,val_loss,training_time
0,0,0.2887974381446838,0.1687687039375305,0.7112025618553162,0.3218870460987091,0.1918148845434188,0.6781129837036133,24.47817529400004
1,1,0.4174315333366394,0.2637683749198913,0.5825684666633606,0.3216181993484497,0.1916239708662033,0.6783817410469055,0.6187921209998422
2,2,0.4835908412933349,0.3189052641391754,0.516409158706665,0.3212805092334747,0.191384270787239,0.6787195205688477,0.5788369880001483
3,3,0.5278888940811157,0.3585931062698364,0.4721111059188843,0.320898950099945,0.1911135464906692,0.6791010499000549,1.0537394660000245
4,4,0.5687273144721985,0.3973577618598938,0.4312726855278015,0.3201585114002228,0.1905885338783264,0.6798415184020996,0.8673002919999817
5,5,0.6069711446762085,0.4357204437255859,0.3930288553237915,0.3194066882133484,0.1900558918714523,0.6805933117866516,0.953424466000115
6,6,0.6407644152641296,0.4714152812957763,0.3592355847358703,0.3192110657691955,0.1899174153804779,0.6807889342308044,0.5814711059999809
