,epoch,dice_coef,iou,loss,val_dice_coef,val_iou,val_loss,training time
0,0,0.2873927652835846,0.1678100824356079,0.7126072645187378,0.3221069574356079,0.191971093416214,0.6778929829597473,59.046255624
1,1,0.4098697900772095,0.257758617401123,0.5901302099227905,0.3216983675956726,0.191680908203125,0.6783016324043274,0.6055943490000004
2,2,0.4823318421840668,0.3178111314773559,0.5176681280136108,0.3210211396217346,0.191200241446495,0.6789788603782654,0.5803864099999885
3,3,0.5296328663825989,0.3602044880390167,0.4703671336174011,0.3206572532653808,0.190942108631134,0.6793427467346191,0.5925061940000091
4,4,0.5726077556610107,0.4011565744876861,0.4273922443389892,0.3206007182598114,0.1909020096063614,0.6793992519378662,0.5965547579999964
5,5,0.6105985641479492,0.4394687712192535,0.3894014358520508,0.3205926120281219,0.1908962726593017,0.6794073581695557,0.5870960750000052
6,6,0.6477481722831726,0.4790144264698028,0.3522518277168274,0.320394366979599,0.1907557100057602,0.6796056628227234,0.5642686369999979
