,epoch,dice_coef,iou,loss,val_dice_coef,val_iou,val_loss,training time
0,0,0.3955438137054443,0.2485009580850601,0.6257151961326599,0.3185689449310303,0.1894629895687103,0.6814311146736145,23.968280364999828
1,1,0.5447344183921814,0.375955581665039,0.471992164850235,0.3188899159431457,0.1896900832653045,0.6811100840568542,1.568105690000266
