,epoch,dice_coef,iou,loss,val_dice_coef,val_iou,val_loss,training_time
0,0,0.2811512947082519,0.1635695397853851,0.718848705291748,0.321866512298584,0.1918003112077713,0.678133487701416,57.40836467300005
